0,"우리, 편하게 말해요",웅진지식하우스,이금희 저,"“아무도 말하는 법을 제대로 알려준 적이 없잖아요. 이제 같이 해요.”18년 동안 3만 여명의 사람들과일과 사랑, 인생을 이야기한‘레전드 방송인’ 아나운서 이금희가 33년의 내공을 담아 말하기의 태도와 기술을 전하다“말하기가 낯설고 서투른 이들에게 용기를 선물해주는 책.” _한지민, 배우“적절하고 유창한 언어...",http://www.yes24.com/Product/Goods/114665546,“아무도 말하는 법을 제대로 알려준 적이 없잖아요. 이제 같이 해요.”18년 동안 3만 여명의 사람들과일과 사랑 인생을 이야기한‘레전드 방송인’ 아나운서 이금희가 33년의 내공을 담아 말하기의 태도와 기술을 전하다“말하기가 낯설고 서투른 이들에게 용기를 선물해주는 책.” _한지민 배우“적절하고 유창한 언어를 구사하게 도움을 주는 가이드인 동시에 누군가에게는 삶의 기준이 되어줄 것이다.” _박상영 소설가“방송을 주재하면서도 결코 스스로를 전면에 내세우지 않고 그러면서도 부드러운 진행으로 누군가가 다른 누군가를 파묻어버리지 않게 하는 특별한 매력을 지녔다.” 말하기를 테크닉이 아니라 태도로 접근하는 독보적인 진행자 대한민국에서 가장 공들여서 말하기를 해온 사람. 모든 이들이 이금희 앞에서는 자신의 이야기를 술술 털어놓으며 무장해제된다. 더욱이 아픔과 상처를 가진 이들 자기 이야기를 털어놓기 고통스러워하는 이들을 마주할 때 방송인 이금희의 능력은 돋보인다. 이처럼 다른 사람의 마음을 움직이는 부드러운 카리스마는 어떻게 만들어지는가. 사람들의 굳게 닫힌 마음과 입이 어떻게 하면 열리는 걸까.대한민국에서 가장 많은 사람들의 진실한 이야기를 들어온 아나운서이자 18년 동안 진행한 아침 토크쇼에서만 23400명 이상 그 외 방송을 포함해 약 3만 명 가까운 이들을 인터뷰한 레전드 방송인인 그가 지금까지 익혀온 말하기의 태도와 기술을 『우리 편하게 말해요』에서 최초로 공개한다. 또한 방송과 병행하며 지난 22년간 숙명여대 강단에서 학생들을 가르쳐온 그는 학생들 약 1500여명과의 일대일 티타임을 통해 가까이에서 젊은이들의 고민을 접할 수 있었다. 그렇기에 삶과 말하기에 대해 막막함을 가진 이들을 향한 격려와 조언도 책에 빼곡히 담아냈다. 누구보다 제대로 알고 있지만 지금까지 제대로 말하지 않았던 이금희의 말하기 노하우 말 잘하는 것이 더욱 중요해진 현대인들을 위한 말하기 수업이 이제 시작된다.이 책을 먼저 접한 방송인 송은이 씨는 “한 분야의 상징 아이콘이 된다는 것은 굉장한 일이다. 이금희 언니의 목소리가 그렇고 언니와의 대화가 그렇고 언니의 말이 그렇다. 이 책을 통해 따뜻한 공감의 비법을 확인하라”라고 신뢰를 보냈고 소설가 박상영 씨는 “적절하고 유창한 언어를 구사하게 도움을 주는 가이드인 동시에 누군가에게는 삶의 기준이 되어줄 것이다”라며 옛 스승에 대한 존경을 담아 일독을 권했다.,"['언니 통해 공감', '용기 선물 한지민']"
1,언어를 디자인하라 ,쌤앤파커스,"유영만,박용후 저","“아무 생각 없이 평생 써온 말이 당신 인생을 디자인해왔다!?”관점 디자인의 대가 박용후 대표와 언어의 연금술사 유영만 교수가 수년간 토론하고 논쟁하며 창조한 ‘언어 레벨업의 기술’언제나 언어가 문제다. 말 한마디, 글 한 줄 때문에 일도 사랑도 망하고 흥한다. 사람의 격도 그가 사용하는 ‘언어’에 고스란히 ...",http://www.yes24.com/Product/Goods/111698646,“아무 생각 없이 평생 써온 말이 당신 인생을 디자인해왔다!?”관점 디자인의 대가 박용후 대표와 언어의 연금술사 유영만 교수가 수년간 토론하고 논쟁하며 창조한 ‘언어 레벨업의 기술’언제나 언어가 문제다. 말 한마디 글 한 줄 때문에 일도 사랑도 망하고 흥한다. 사람의 격도 그가 사용하는 ‘언어’에 고스란히 드러난다. 사람의 언어는 물고기의 비늘과 같아서 그가 사용하는 언어를 보면 그가 어떤 물살을 헤치며 살아왔는지 누구와 어울리고 어떤 선택을 해왔는지 보인다. 그래서 언격은 인격이고 내 언어 레벨이 내 인생 레벨이다. 그러니 인생이 꼬인다면 아무 생각 없이 써온 언어부터 되돌아볼 일이다. 그렇다면 어떻게 해야 언어를 레벨업할 수 있을까? 이 문제를 놓고 관점 디자인의 대가 박용후 대표와 언어의 연금술사 유영만 교수가 의기투합했다. 대한민국 최고 전문가 두 사람이 우리 시대 언어의 위기를 진단하고 해법을 찾아 토론했다. 그리고 신작 『언어를 디자인하라』에 고차원적 언어 레벨업의 기술을 낱낱이 밝혔다.,"['기술 언어 문제', '논쟁 창조 언어']"
2,데일 카네기 성공대화론,현대지성,데일 카네기 저/임상훈 역,"카네기 전설의 시작이자 정수(精髓)를 담은 불후의 명작워런 버핏을 말하기의 두려움에서 구해준 대화의 기술!모든 성공은 ‘어떻게’ 말하느냐에 달려 있다평생 자산이 될 절대불변 커뮤니케이션 바이블현대지성은 출간 즉시 베스트셀러가 된 『데일 카네기 인간관계론』, 『데일 카네기 자기관리론』에 이어 오바마가 극...",http://www.yes24.com/Product/Goods/113796142,카네기 전설의 시작이자 정수(精髓)를 담은 불후의 명작워런 버핏을 말하기의 두려움에서 구해준 대화의 기술!모든 성공은 ‘어떻게’ 말하느냐에 달려 있다평생 자산이 될 절대불변 커뮤니케이션 바이블현대지성은 출간 즉시 베스트셀러가 된 『데일 카네기 인간관계론』 『데일 카네기 자기관리론』에 이어 오바마가 극찬하고 삶에 적용한 카네기 불후의 명작 『데일 카네기 성공대화론』을 펴낸다. 이 책은 1937년 초판에 있던 ‘목소리 훈련’을 국내 독자에게 맞게 엄선해 실은 국내 최초 완역본이며 카네기 연구소의 출발점이 된 책이다.  세계적인 투자가 워런 버핏은 카네기에게 직접 수강한 말하기 수업이 자기 삶을 통째로 바꾸었다고 말한다. 한때 청중 앞에서 이야기하는 게 너무 두려워 긴장감에 구토까지 할 정도였던 그는 자신의 경영학 학위보다 1952년 데일 카네기에게서 받은 ‘커뮤니케이션 수업 졸업장’을 훨씬 자랑스럽게 여겼다. “카네기가 가르친 대화의 기술을 배운다면 당신의 인생 소득에서 50퍼센트를 더 늘릴 수 있을 것이다.” 워런 버핏의 말이다. 카네기는 대중연설 판매기술 인간관계 응용심리학을 폭넓게 조합해 평범한 직장인들이 다음 날 사업상 인터뷰나 회의 석상에서 바로 써먹을 수 있을 정도로 구체적이고 실용적인 대화의 기술을 가르쳤다. 또한 동서고금의 위대한 연설가에서 출발해 현장에서 그의 강의를 듣고 말하기 역량이 놀랍도록 성장한 지극히 평범한 이들에까지 수많은 사례를 통해 성공하는 말하기의 비결을 속속들이 실증했다. 우리가 어떤 일을 하든 의사소통 기술은 성공에 중요한 요소다. 한 세기가 지나도 절대 변하지 않는 대화의 기술을 제시하는 이 책을 통해 품격 있는 말하기의 구체적인 공식을 배워보자. 자신감과 자기 긍정 논리력과 설득력 등 당신의 내적 가치를 높여줌으로써 평생 든든한 자산이 될 것이다.,"['성공 대화 초판', '지성은 즉시 베스트셀러']"
3,말 그릇,카시오페아,김윤나 저,"당신의 말이 태어나고 자라는 곳‘말 그릇’을 키워 관계와 인생의 주인이 되는 법사람들은 ‘말재주’가 뛰어난 사람을 부러워하지만, 곁에 두고 싶어 하는 사람은 결국 말에서 마음이 느껴지는 사람이다. 많은 말을 하지 않지만 꼭 필요한 말을 조리 있게 하는 사람, 적절한 때에 입을 열고 정확한 순간에 침묵할 줄 아는...",http://www.yes24.com/Product/Goods/46659527,"당신의 말이 태어나고 자라는 곳‘말 그릇’을 키워 관계와 인생의 주인이 되는 법사람들은 ‘말재주’가 뛰어난 사람을 부러워하지만 곁에 두고 싶어 하는 사람은 결국 말에서 마음이 느껴지는 사람이다. 많은 말을 하지 않지만 꼭 필요한 말을 조리 있게 하는 사람 적절한 때에 입을 열고 정확한 순간에 침묵할 줄 아는 사람 말 한마디에서도 품격이 느껴지는 사람에게 끌리게 되어 있다. 이 책은 우리의 말 그릇을 크고 단단하게 만들기 위한 다섯 개의 파트로 구성되어 있다.1부에서는 말 그릇의 의미에 대해 알아보고 2부에서는 말 그릇을 키우기 위해 살펴봐야 할 개인의 감정과 공식 습관을 알아본다. 이 과정을 차근차근 따라가다 보면 나의 무엇이 말의 성장을 방해하고 있었는지 발견하게 된다. 3부와 4부에서는 말 그릇이 큰 사람들이 사용하는 대표적인 ‘대화 기술’을 소개한다.마음을 표현하는 가장 직접적인 방법이 말이고 억울하게도 그 말하는 기술이 매끄럽지 않으면 마음의 길도 막히기 십상이다. 특히 이 파트에서는 ‘대화 기술’ 중에서도 가장 기본적이고 중요한 ‘듣기’와 ‘질문하기’에 대해서 알아보고 말을 많이 하지 않고도 상대방을 대화로 끌어들이는 기술을 연습해본다. 마지막 5부에서는 사람을 이해한다는 것의 의미에 대해 생각해보고 ‘나는 과연 말의 책임을 감당할 수 있는 사람인가’ 성찰해보고 관계에서 차이를 극복하기 위해 무엇을 더 고려해야 하는지 알아본다.","['사람 한마디 품격', '그릇 관계 인생']"
4,말센스 ,스몰빅라이프,셀레스트 헤들리 저/김성환 역,"셀레스트 헤들리는 CNN, BBC, MSNBC 등 여러 유명 방송국에서 20년 가까이 뉴스와 각종 프로그램을 진행한 베테랑 방송인이다. 그녀가 TED에서 진행한 강연은 전 세계적으로 1,300만 조회수를 기록함으로써 대화법 분야 최고 조회수를 기록했다. 그녀는 방송국 스튜디오를 항상 대화 실험의 장으로 여기고, 어떤 식으로 대...",http://www.yes24.com/Product/Goods/68798451,- TED 대화 분야 최고 조회수 기록(1500만)!- 토크계의 황제 래리 킹을 잇는 대화의 연금술사!이 책의 저자인 셀레스트 헤들리는 CNN BBC MSNBC 등 여러 유명 방송국에서 20년 가까이 뉴스와 각종 프로그램을 진행한 베테랑 방송인이다. 그녀가 TED에서 진행한 강연은 전 세계적으로 1500만 조회수를 기록함으로써 대화법 분야 최고 조회수를 기록했다. 그녀는 방송국 스튜디오를 항상 대화 실험의 장으로 여기고 어떤 식으로 대화를 나눠야 사람들과의 소통이 보다 훌륭하게 될 수 있는지 연구해 왔다.그녀가 이 책에서 제시하는 내용은 단순히 말솜씨나 말재주를 향상시키기 위한 대화술이 아니다. 대신 저자는 상대가 누구이든 어떤 대화 상황이든 반드시 지켜야 할 대화의 원칙들을 제시한다. 그런 대화의 원칙들을 지킨다면 말재주가 부족하더라도 얼마든지 진실되고 훌륭한 대화를 나눌 수 있게 될 것이며 유쾌하고 기분 좋은 소통이 가능하게 될 것이다.,"['강연 세계 회수', '여러 유명 방송국']"
5,예쁘게 말하는 네가 좋다 ,포레스트북스,김범준 저,"“말은 씨가 되고,인생의 열매는 그 씨앗에서 열린다!” 대화법 30만 부, 베스트셀러 작가 김범준의 관계 고찰 역작30만 독자의 인생을 바꾼 대화법 전문가 김범준 저자가 한마디 말로 관계의 변화를 만들고 인생의 흐름을 바꾸는 방법을 제시한다. 누구나 대화를 통해 상대방과 교감하고 공감하기를 원하지만 실제로는 생...",http://www.yes24.com/Product/Goods/111086542,“말은 씨가 되고인생의 열매는 그 씨앗에서 열린다!” 대화법 30만 부 베스트셀러 작가 김범준의 관계 고찰 역작30만 독자의 인생을 바꾼 대화법 전문가 김범준 저자가 한마디 말로 관계의 변화를 만들고 인생의 흐름을 바꾸는 방법을 제시한다. 누구나 대화를 통해 상대방과 교감하고 공감하기를 원하지만 실제로는 생각과 다른 결과를 얻게 되는 경우가 비일비재하다. 대화를 통해 ‘불편하다’ ‘두렵다’ ‘솔직히 혼자가 편하다’가 아니라 ‘즐겁다’ ‘함께해서 좋다’라고 느끼고 싶은 것이 보통이지만 오히려 오랫동안 쌓아 올린 관계를 한 번의 말실수로 허물어버리거나 더 이상 다가설 수 없는 상태에 이르게 하는 경우가 허다하다. 어떻게 말을 건네야 원하는 사람에게 원하는 만큼 다가설 수 있을까? 허물어진 관계를 다시 곧추세울 수 있을까? 관계의 적정거리를 유지할 수 있을까? 저자는 그 해법이 ‘예쁜 말’이라고 말한다. 상황에 가장 적합한 ‘예쁜 말’을 찾고 활용하는 방법이 이 책에 담겨 있다.,"['공감 실제 생각', '고찰 역작 독자']"
6,50센티 더 가까워지는 선물보다 좋은 말,밀리언서재,노구치 사토시 저/최화연 역,대화의 기술이 필요 없는 초간단 대화법한 번 대화를 나누고 나면 다음에 또 만나고 싶어지는 사람이 있는가 하면 함께한 시간이 아깝고 더 이상 만나고 싶지 않은 사람이 있다. 메시지를 주고받을 때도 짧게 끝내고 싶은 사람이 있는가 하면 실제로 만나서 얘기를 나누고 싶은 사람이 있다. 좋은 관계가 계속 이어져 서로...,http://www.yes24.com/Product/Goods/115026323,"대화의 기술이 필요 없는 초간단 대화법한 번 대화를 나누고 나면 다음에 또 만나고 싶어지는 사람이 있는가 하면 함께한 시간이 아깝고 더 이상 만나고 싶지 않은 사람이 있다. 메시지를 주고받을 때도 짧게 끝내고 싶은 사람이 있는가 하면 실제로 만나서 얘기를 나누고 싶은 사람이 있다. 좋은 관계가 계속 이어져 서로에게 도움을 줄 수 있는 관계를 만들려면 어떻게 해야 할까?커뮤니케이션 전문가인 저자는 특별한 말재주가 필요한 것이 아니라고 한다. 다양한 대화의 기술보다는 상대를 생각하는 마음만 있으면 모든 대화가 원활하게 이루어진다고 말한다. 대수롭지 않은 말이지만 상대가 기분이 좋아지고 계속 웃는 표정을 지으며 순식간에 친밀감이 상승하는 대화의 비결이 있다. 회사에서는 상사와 부하직원뿐 아니라 거래처 사람들의 마음을 사로잡는 강력한 매력을 발휘해 업무적으로 좋은 성과와 실적을 얻을 수도 있다. ‘상대방을 주인공으로 만드는 대화법’ 중 한 가지만이라도 실제로 적용한다면 상대방의 마음은 자연스럽게 당신을 향해 기울어질 것이다. 표정이 풍부해지고 과묵하던 사람의 말수가 늘어나며 대화도 점점 무르익어 간다.","['친밀 상승 대화', '재주 대화 기술']"
7,강원국의 결국은 말입니다,더클,강원국 저,"“지금과 다른 삶을 살고 싶다면, 말 습관을 바꿔라!”말을 바꾸면 삶이 바뀐다, 세상은 말로 시작되었다우리는 말로 살아가고 있다결국은 말밖에 없다당신의 삶을 바꿔줄 ‘말 습관’에 관한 가장 쉬운 책 50만 독자의 마음을 움직인 베스트셀러 『강원국의 글쓰기』, 『대통령의 글쓰기』의 저자 강원국의 신간이다. ‘글...",http://www.yes24.com/Product/Goods/116188343,“지금과 다른 삶을 살고 싶다면 말 습관을 바꿔라!”말을 바꾸면 삶이 바뀐다 세상은 말로 시작되었다우리는 말로 살아가고 있다결국은 말밖에 없다당신의 삶을 바꿔줄 ‘말 습관’에 관한 가장 쉬운 책 50만 독자의 마음을 움직인 베스트셀러 『강원국의 글쓰기』 『대통령의 글쓰기』의 저자 강원국의 신간이다. ‘글쓰기’와 ‘말하기’로 독자들과 꾸준히 만나 온 그의 두 번째 ‘말하기’ 책이기도 하다. 이 책에는 ‘말’에 관한 저자의 생생한 경험담과 함께 ‘인생을 바꾸는 말 습관’에 관한 노하우를 총망라한 내용이 담겨 있다. 생각해보고 말하기 듣는 사람 입장에서 말하기 말하고 나서 복기하기 등 누구나 따라할 수 있는 말하기 비법을 오랜 시간 실천해온 저자의 삶은 완전히 달라졌다. 이제는 말로써 살아가고 말 습관으로 인생의 변화를 느끼려는 이들에게 또 다른 희망을 전하려고 한다. 말하기의 ‘내비게이션’을 필요로 한다면 가장 쉬운 말과 가장 쉬운 글이 무엇인지 알고 싶다면 말의 힘을 믿고 있다면 바로 이 책이 길잡이가 되어줄 것이다.,"['베스트셀러 강원 글쓰기', '마음 베스트셀러 강원']"
8,데일 카네기 초판 완역본 한정판 세트,현대지성,데일 카네기 저/임상훈 역,"세계적 권위, 자기계발의 대명사데일 카네기 전3권 국내 최초 ‘오리지널’ 초판 완역본 세트로 만나다!현대지성은 출간 즉시 베스트셀러가 된 『인간관계론』, 『자기관리론』과 함께, 최근 발간한 『성공대화론』을 오랫동안 소장하고 싶은 디자인으로, 세트박스에 담아 예스24 단독 한정판으로 내놓는다. 전 세계 1억 부...",http://www.yes24.com/Product/Goods/114683495,세계적 권위 자기계발의 대명사데일 카네기 전3권 국내 최초 ‘오리지널’ 초판 완역본 세트로 만나다!현대지성은 출간 즉시 베스트셀러가 된 『인간관계론』 『자기관리론』과 함께 최근 발간한 『성공대화론』을 오랫동안 소장하고 싶은 디자인으로 세트박스에 담아 예스24 단독 한정판으로 내놓는다. 전 세계 1억 부 이상 판매된 이 3권 세트는 워런 버핏에게 큰 영감을 준 인생 책으로도 유명하며 『타임』지는 20세기 최고의 자기계발서로 선정했다. 인간관계 처세 자기관리 말하기 리더십 등 우리 삶에 큰 영향을 주는 주제들에 대한 원칙과 실행법은 지금도 많은 사람을 성공으로 이끌고 있다. 오늘날 무수히 쏟아지는 탁월한 자기계발서 중에서 카네기에게 영향을 받지 않은 책은 없다고 해도 과언이 아니다. 한 세기가 지나도 여전히 영감이 넘치는 카네기의 정수(精髓)를 소중한 사람들에게 선물해보는 것은 어떨까.,"['데일 카네기 국내', '세트 워런 버핏']"
9,감정 어휘,앤의서재,유선경 저,아주 다양한 상황에서 사람들은 “스트레스 받아”라거나 “짜증 나”라고 두루뭉술하게 표현한다. 그러곤 각종 스트레스 해소법을 고민한다. 그러나 이러한 표현 밑에 가라앉은 진짜 감정은 상황마다 사람마다 각각 다 다르다. “스트레스”라고 말할 때 분노한 것일 수도 있지만 불안하거나 겁먹은 것일 수도 혹은 지루한...,http://www.yes24.com/Product/Goods/109624696,아주 다양한 상황에서 사람들은 “스트레스 받아”라거나 “짜증 나”라고 두루뭉술하게 표현한다. 그러곤 각종 스트레스 해소법을 고민한다. 그러나 이러한 표현 밑에 가라앉은 진짜 감정은 상황마다 사람마다 각각 다 다르다. “스트레스”라고 말할 때 분노한 것일 수도 있지만 불안하거나 겁먹은 것일 수도 혹은 지루한 것일 수도 있다. “짜증 나”라고 말하지만 사실은 자기비하나 적대감 죄책감 고단함 좌절 등에 타격받은 것일 수 있다. 문제해결이든 감정조절이든 자신의 진짜 감정이 무엇인지 아는 것이 먼저다. 『어른의 어휘력』에서 성인들에게 ‘어휘력’의 중요성을 새로운 시각으로 환기시킨 바 있는 유선경 작가는 『감정 어휘』에서 지금 내가 느끼는 감정을 올바르게 인지하고 적확한 어휘로 표현만 해도 심리·소통·관계 등 수많은 문제가 해결된다고 이야기한다. 『감정 어휘』는 인생의 나침반을 찾기 위한 하나의 방법으로 감정을 구분하고 적절한 어휘를 붙이는 것에 관한 책이다. 모두 다섯 개의 장으로 1장에서는 감정에 대한 개요 2장부터 5장까지는 온도 통각 촉감 빛이라는 감각을 활용해 감정을 들여다본다. 그리고 각 장의 말미에는 각각의 감정에 따른 감정 어휘를 분류·정리해 수록했다. 지금 내가 느끼는 감정을 적절한 어휘로 표현해보자!,"['대감 죄책감 좌절', '문제해결 감정 조절']"
10,좋은 사람이 좋은 말을 한다,포르체,김준호 저,"우리에겐 좋은 말이 필요하다!한국방송대상 앵커상 수상! 20년 차 아나운서가 알려주는 마음을 사로잡는 공감의 언어를 말하는 법말은 곧 그 사람의 품격이다. 삶의 구원이 되는 따뜻한 말 한마디로 우리는 누군가의 은인이 되기도 하고, 생각 없이 내뱉은 말로 누군가의 영혼을 생채기 내는 실수를 하기도 한다. 말을 잘해...",http://www.yes24.com/Product/Goods/116415198,우리에겐 좋은 말이 필요하다!한국방송대상 앵커상 수상! 20년 차 아나운서가 알려주는 마음을 사로잡는 공감의 언어를 말하는 법말은 곧 그 사람의 품격이다. 삶의 구원이 되는 따뜻한 말 한마디로 우리는 누군가의 은인이 되기도 하고 생각 없이 내뱉은 말로 누군가의 영혼을 생채기 내는 실수를 하기도 한다. 말을 잘해야 하는 이유다. 이렇듯 사람 사이 관계를 가깝게도 멀게도 만드는 ‘말’에 대해 우리는 얼마나 알고 있을까? 이 책은 단순히 좋은 목소리를 내는 법이나 스피치 기술에 국한해서 말하기를 설명하지 않는다. 20년 차 앵커로서 그동안 ‘언어’에 대한 철학과 인간의 심리를 연구하며 좋은 관계를 만드는 ‘말하기’에 대해 오랫동안 성찰해 온 저자는 좋은 말이란 상대방에게 잘 들리는 말이며 이는 곧 ‘공감의 언어’라고 설명한다. 저자는 공감의 언어를 전달하기 위해서는 우리의 마음과 생각에 먼저 주목해야 한다고 강조한다. 앵커는 신뢰감 있는 목소리로 뉴스를 전한다. 아버지가 암 판정을 받은 날에도 사랑하는 사람과 이별한 날에도 감정을 드러내지 않고 뉴스를 전하는 앵커 그가 전하는 말의 철학은 크게 네 가지다. 소통의 언어 배려의 언어 공감의 언어 자신만의 언어. 저자인 김준호 아나운서는 한 프로그램을 무려 7년간 약 1500회 이상 진행하고 제45회 한국방송대상에서 앵커상 수상 10년이 넘는 시간 동안 각종 기업과 대학에서 면접 스피치 특강을 진행해왔다. 또한 연세대 대학원에서 우수 논문상을 받을 만큼 인문학적 지식이 해박한 저자는 ‘말하기’를 직업으로 가진 아나운서로서 그동안 연구해온 좋은 말에 대한 지식과 정보를 모두 담아 공감의 언어 좋은 말하기에 대한 ‘말의 철학’을 전한다. 이 책의 1장에서는 좋은 대화를 나누는 소통의 기술을 설명하고 2장에서는 상대를 배려하는 말하기 방법 3장에서는 말의 설득력을 높이는 방법 4장에서는 나만의 이야기를 만드는 법을 설명한다. 뉴스를 하는 앵커답게 명료하고 간결하지만 풍부한 사례를 통해 쉽고 재미있게 독자에게 전하고 있다.,"['배려 언어 공감', '마음 공감 언어']"
11,말의 품격,황소북스,이기주 저,"『언어의 온도』로 많은 독자의 사랑을 받은 이기주 작가의 에세이집. 경청, 공감, 반응, 뒷말, 인향, 소음 등 24개의 키워드를 통해 말과 사람과 품격에 대한 생각들을 풀어낸다. 고전과 현대를 오가는 인문학적 소양을 바탕으로 작가 특유의 감성을 더해 볼거리와 생각할 거리를 동시에 전한다.",http://www.yes24.com/Product/Goods/39441749,입소문이 만든 베스트셀러『언어의 온도』작가 신작!말과 사람과 품격에 대한 생각들을 적은 인문 에세이이 책은『언어의 온도』로  많은 독자의 사랑을 받고 있는 이기주 작가의 신작 에세이집이다. 경청 공감 반응 뒷말 인향 소음 등 24개의 키워드를 통해 말과 사람과 품격에 대한 생각들을 풀어낸다. 고전과 현대를 오가는 인문학적 소양을 바탕으로 이기주 작가 특유의 감성이 더해 볼거리와 생각할 거리를 동시에 전한다. 말을 소재로 삼은 까닭에 남녀노소 구분 없이 읽을 수 있는 교양서이자 필독서이기도 하다.  지금 우리는 ‘말의 힘’이 세상을 지배하는 시대에 살고 있다. 온당한 말 한마디가 천 냥 빚만 갚는 게 아니라 사람의 인생을 나아가 조직과 공동체의 명운을 바꿔놓기도 한다. 말하기가 개인의 경쟁력을 평가하는 잣대가 된 지도 오래다. 말 잘하는 사람을 매력 있는 사람으로 간주하는 풍토는 갈수록 확산하고 있다. 그래서인지 날카로운 혀를 빼 들어 칼처럼 휘두르는 사람은 넘쳐나고 자극적인 이야기를 폭포수처럼 쏟아내며 좌중을 들었다 놨다 하는 능변가는 홍수처럼 범람한다.모든 힘은 밖으로 향하는 동시에 안으로도 작용하는 법이다. 언어의 힘도 예외가 아니다. 말과 문장이 지닌 예리함을 통제하지 못해 자신을 망가뜨리거나 하루아침에 나락으로 떨어지는 이들이 비일비재하다. 작가는 이 책에서 말에도 귀소 본능이 있다고 주장한다.“나는 인간의 말이 나름의 귀소 본능을 갖고 있다고 믿는다. 언어는 강물을 거슬러 오르는 연어처럼 태어난 곳으로 되돌아가려는 무의식적인 본능을 지니고 있다. 사람의 입에서 태어난 말은 입 밖으로 나오는 순간 그냥 흩어지지 않는다. 돌고 돌아 어느새 말을 내뱉은 사람의 귀와 몸으로 다시 스며든다.”말이라는 흉기에 찔린 상처의 골은 너무 깊어서 좀처럼 봉합되지 않는다. 어떤 말은 그 상처의 틈새로 파고들어 감정의 살을 파헤치거나 알을 낳고 번식하기도 한다. 말로 생긴 상처가 좀체 사라지지 않는 이유도 여기에 있다.,"['독자 사랑 이기주', '작가 특유 감성']"
12,허브 코헨의 협상의 기술 1,김영사,허브 코헨 저/양진성 역,"전 세계 30개 언어로 출간된 협상의 명저아마존, 뉴욕타임스 장기 베스트셀러미국 대통령, 법무부, FBI, CIA 협상 자문 50년 경력의 ‘협상의 귀재’ 허브 코헨의 협상학 고전을 2021년 새롭게 만나다우리의 삶은 팔 할이 협상으로 이루어졌다. 돈, 자유, 정의, 사랑 그 무엇이든 협상으로 얻을 수 있다. 협상 능력이 당신...",http://www.yes24.com/Product/Goods/96378464,전 세계 30개 언어로 출간된 협상의 명저아마존 뉴욕타임스 장기 베스트셀러미국 대통령 법무부 FBI CIA 협상 자문 50년 경력의 ‘협상의 귀재’ 허브 코헨의 협상학 고전을 2021년 새롭게 만나다우리의 삶은 팔 할이 협상으로 이루어졌다. 돈 자유 정의 사랑 그 무엇이든 협상으로 얻을 수 있다. 협상 능력이 당신의 인생을 좌우한다. 살면서 마주하는 다양한 협상 상황을 어떻게 헤쳐나갈까? 실전 협상 전문가 허브 코헨이 협상의 3가지 요소를 다각도로 분석하고 언제나 어디서나 누구와도 협상할 수 있는 방법을 알려준다. 협상 상대를 찍어누르는 ‘소련 스타일’ 대신 ‘윈윈’을 제시하는 책으로 평생의 경험에서 녹아나온 다양하고 생생한 사례가 더해졌다. 일상의 모든 순간을 주도하기 위한 가장 쉽고 실용적인 협상 안내서.,"['협상 방법 협상', '좌우 마주 협상']"
13,말 잘한다는 소리를 들으면 소원이 없겠다,비즈니스북스,정흥수(흥버튼) 저,"“너 진짜 말 잘한다!”라는 찬사를 듣고 싶지만,“뭐라고?”, “다시 한번 말씀해주시겠어요?”라는 소리만 듣는 당신에게핵심만 콕콕 짚어주는 ‘말 스킬 향상 5단계 트레이닝’을 권합니다!염소처럼 떨리는 작은 목소리, 부정확한 발음으로 우물우물 말하는 습관, 자신 없게 말하는 단조로운 말투…. 당신의 말하기는 어...",http://www.yes24.com/Product/Goods/109854949,"“너 진짜 말 잘한다!”라는 찬사를 듣고 싶지만“뭐라고?” “다시 한번 말씀해주시겠어요?”라는 소리만 듣는 당신에게핵심만 콕콕 짚어주는 ‘말 스킬 향상 5단계 트레이닝’을 권합니다!염소처럼 떨리는 작은 목소리 부정확한 발음으로 우물우물 말하는 습관 자신 없게 말하는 단조로운 말투…. 당신의 말하기는 어떤가? 혹시 주위로부터 말이 잘 들리지 않는다거나 말이 지루하다는 평가를 듣는다면 당신의 말하기에 문제가 있다는 신호다. 불안정한 발성으로 인해 목소리에 힘이 실리지 않을 수도 있고 어린 시절부터 잘못 굳어진 발음으로 지금까지 말하고 있는 것일 수도 있다. 혹은 말하기에 대한 막연한 두려움으로 자신감을 잃은 것은 아닌지 점검해볼 필요가 있다. 말은 사회 속에서 관계를 맺어나가는 데 중요한 역할을 한다. 나를 표현하고 대인관계에 깊이를 더하고 커리어의 성과와 성취를 끌어올리는 데 보탬이 되는 말하기 기술을 배워보자.13년차 아나운서이자 온라인과 오프라인에서 10년째 말하기를 가르치고 있는 ‘흥버튼’ 정흥수 저자는 약 10만 명의 사람들에게 말하는 방법을 전수해왔다. 10년 넘게 방송을 하고 많은 사람들에게 스피치를 알려주며 터득하고 정리한 말하기의 기본적이고 핵심적인 스킬과 그 연습 방법을 이 책에 담았다. 복식호흡으로 듣기 좋은 안정적인 목소리를 찾는 법 또박또박 정확한 발음으로 교정하는 방법 상황과 목적에 맞게 톤을 변화시키며 상대방을 사로잡는 말하기 노하우 떨지 않고 인상적으로 발표하는 방법 말하지 않는 순간에도 매력적으로 보일 수 있는 비언어 구사법까지 이 책 한 권으로 모두 마스터할 수 있다. 저자는 말 스킬만 제대로 익혀도 신뢰를 주는 말 마음을 얻는 말 주목을 받는 말 기회를 잡는 말하기를 누구나 할 수 있다고 한다. 숨겨져 있던 당신의 말하기 능력을 발견하고 갈고닦아줄 기적의 말 스킬 트레이닝을 이 책으로 지금 당장 시작해보라.","['또박또박 발음 교정', '트레이닝 염소 목소리']"
14,일 잘하는 사람은 단순하게 말합니다,더퀘스트,박소연 저,"일 잘하는 사람은 단순하게 말한다. 그들의 목표는 짧게 말하는 게 아니라, 심플하고 정확하게 소통하는 것이다. 이 책은 ‘일하는 사람을 위한, 일하는 사람에 의한, 일하는 사람의 언어’를 다루고 있다. 사실 일의 언어는 참고할 자료가 별로 없다. 일의 언어가 능숙한 사람도 평소에는 설렁설렁 이야기하는 경우가 많기...",http://www.yes24.com/Product/Goods/90164296,일 잘하는 사람은 단순하게 말한다. 그들의 목표는 짧게 말하는 게 아니라 심플하고 정확하게 소통하는 것이다. 이 책은 ‘일하는 사람을 위한 일하는 사람에 의한 일하는 사람의 언어’를 다루고 있다. 사실 일의 언어는 참고할 자료가 별로 없다. 일의 언어가 능숙한 사람도 평소에는 설렁설렁 이야기하는 경우가 많기 때문이다. 그들의 능력이 드러나는 순간은 경영진이나 상사와 이야기할 때 그리고 첨예하게 이해가 엇갈리는 비즈니스 미팅에서다. 그만큼 직접 보지 않고는 배우기가 쉽지 않은 영역이다.저자는 오랫동안 상위 0.1% 사람들이 어떻게 상사에게 보고하고 설득하고 다른 조직과 협업하고 직원들을 이끄는지 지켜볼 수 있었다. 그때 배운 일 잘하는 사람들의 언어와 습관 템플릿을 분석하여 45개 기술로 책에 정리했다.,"['이야기 이해 비즈니스', '이해 비즈니스 미팅']"
15,"자존감이 쌓이는 말, 100일의 기적",동양북스(동양books),이마이 가즈아키 저/이주희 역,"100개의 문장, 100개의 행운이 바로 나의 것‘예스’라고 말하기 시작하면 내 인생에 무슨 일이 일어날까?짐 캐리 주연의 2008년 영화 [예스맨]은 매사 부정적이고 무기력하던 주인공이 “YES”라고만 답하기로 서약하면서 인생이 180도 달라지는 이야기다. 이 영화는 “NO”라고 말하던 걸 “YES”라고 바꿔 말했을 때, 주...",http://www.yes24.com/Product/Goods/113475992,100개의 문장 100개의 행운이 바로 나의 것‘예스’라고 말하기 시작하면 내 인생에 무슨 일이 일어날까?짐 캐리 주연의 2008년 영화 [예스맨]은 매사 부정적이고 무기력하던 주인공이 “YES”라고만 답하기로 서약하면서 인생이 180도 달라지는 이야기다. 이 영화는 “NO”라고 말하던 걸 “YES”라고 바꿔 말했을 때 주인공의 삶이 얼마나 달라지는지를 극단적인 에피소드를 통해 잘 묘사하고 있다. 그만큼 우리가 일상적으로 어떤 언어를 사용하는가가 삶에 지대한 영향을 미친다는 것을 실감 나게 보여주고 있는 것이다.일본의 내과 의사 이마이 가즈아키는 여기서 한 발자국 더 나아가 일상에서 사용하는 말이 우리 몸을 낫게 하기도 하고 병들게 하기도 한다고 주장한다. 부정적인 생각만 하고 부정적인 말만 내뱉는 사람의 경우 주변에 사람이 잘 모이지 않아서 외톨이가 되는 것도 문제지만 더 심각한 문제는 실제로 몸의 면역 기능이 떨어져서 각종 병에 걸릴 확률이 높아진다는 것이다.저자는 병원에서 의사가 환자에게 건네는 말 덕분에 환자의 병이 호전되기도 하고 또 그와 반대로 악화되기도 한다는 걸 내과 의사로 일하면서 몸소 체험했다. 약이나 치료법도 중요하지만 말을 어떻게 하느냐가 환자의 생명과 건강을 좌우한다는 걸 깨달은 저자는 긍정적인 말의 법칙 즉 ‘펩 토크’를 공부해서 이를 정리했다. 그 결과물이 바로 이 책 『자존감이 쌓이는 말 100일의 기적』이다. 이 책에는 저자가 선별한 긍정적인 펩 토크 100가지가 수록돼 있다. 내가 나 자신에게 하는 긍정 언어 내가 남에게 전하는 긍정 언어 나도 모르게 쓰는 부정적인 말을 긍정적인 말로 바꾸는 언어 등등이 상황별로 100가지가 엄선돼 있다. 긍정 언어도 마치 외국어처럼 따라 읽고 반복해서 연습하면 잘할 수 있게 된다. 또 긍정 언어를 쓰게 되면 똑같은 상황에서도 스트레스 수치를 낮추고 면역 기능을 강화해서 더 건강하고 행복하게 살 수 있다는 것이 저자의 주장이다.,"['무기 주인공 서약', '긍정 언어 부정']"
16,강원국의 어른답게 말합니다,웅진지식하우스,강원국 저,“말은 어떻게 삶이 되는가?”존중하고 존중받는 일상을 빚어내는 힘진짜 어른다움의 완성은 말 속에 있다★ 50만 독자가 선택한 베스트셀러 작가 강원국 신작★ 전직 대통령 연설비서관의 말하기 특강★ KBS 1라디오 [강원국의 말 같은 말] 공식 출간 도서수많은 독자에게 사랑받은 베스트셀러 『대통령의 글쓰기』의 저자...,http://www.yes24.com/Product/Goods/101889398,"“말은 어떻게 삶이 되는가?”존중하고 존중받는 일상을 빚어내는 힘진짜 어른다움의 완성은 말 속에 있다★ 50만 독자가 선택한 베스트셀러 작가 강원국 신작★ 전직 대통령 연설비서관의 말하기 특강★ KBS 1라디오 [강원국의 말 같은 말] 공식 출간 도서수많은 독자에게 사랑받은 베스트셀러 『대통령의 글쓰기』의 저자 강원국이 삶의 품격을 높이는 말하기에 관해 이야기한다. 대기업 회장과 두 전 대통령의 ‘말’을 듣고 쓰고 고치는 일을 해온 그는 어떻게 하면 가장 쉬운 말로 진심을 전할 수 있는지 오랫동안 고민했다. 이 책은 누구보다 ‘말의 기본’에 천착해온 저자가 ‘말이 되는 삶 삶이 되는 말’에 관해 들려주는 73가지 말공부 수업을 담았다. 세상에는 말이 칼이 된다는 것을 그 칼이 자신을 향한다는 것을 잊은 사람이 많다. 말이란 나다움을 드러내는 도구이자 더 나은 삶을 살기 위한 가장 어른다운 무기이다. 나이 든다고 어른다운 어른이 되지 않듯 말 또한 제 나이에 걸맞게 끊임없이 가꾸고 새롭게 배워야 한다고 저자는 말한다. 어려서부터 소심했고 남 앞에서 말하기를 두려워했던 저자가 청와대 연설비서관이 되고 이제 말과 글을 가르치는 인기 강사가 되기까지… 오랜 경험과 통찰 여전한 시행착오와 분투를 담은 이 책은 말과 삶을 함께 갈고닦는 특별한 지혜를 전한다.","['베스트셀러 작가 강원', '강원 공식 도서']"
17,상위 1%의 압도적 대화법,떠오름,김형준 저,안 되는 걸 무작정 열심히 하지 마라성공의 관건은 대화의 주도권이다!누구나 “시간이 없다”면서 바쁘게 살아가지만 모두가 성공하는 것은 아니다. 성공하지 못하는 이유는 대부분 계획이 없기 때문이다. 우선순위 없이 매 순간 정신없이 살아가기만 하면 삶은 결코 달라지지 않는다. 열심히 해도 일이 안 되는 것은 안 ...,http://www.yes24.com/Product/Goods/109182172,안 되는 걸 무작정 열심히 하지 마라성공의 관건은 대화의 주도권이다!누구나 “시간이 없다”면서 바쁘게 살아가지만 모두가 성공하는 것은 아니다. 성공하지 못하는 이유는 대부분 계획이 없기 때문이다. 우선순위 없이 매 순간 정신없이 살아가기만 하면 삶은 결코 달라지지 않는다. 열심히 해도 일이 안 되는 것은 안 되는 방식으로 열심히 했기 때문이다. 무작정 열심히 하지 마라. 모든 것은 프로세스다. 원하는 것을 얻는 것은 사람과의 대화와 소통에 의해 이루어진다. 결국 사람의 마음을 얻는 과정이다. 상위 1% 성공을 이뤄낸 저자는 자신만의 노하우를 이 책에 아낌없이 풀어냈다. 누구보다 현실적이고 뼈 때리는 조언으로 성공을 향해 달리다 지친 독자들의 눈을 번쩍 뜨이게 해줄 것이다.,"['조언 성공 달리', '성공 관건 대화']"
18,리더의 말 그릇,카시오페아,김윤나 저,"“리더의 영향력은 말 그릇에서 나온다.”40만 부 베스트셀러『말 그릇』후속작, 드디어 출간!‘리더의 말 그릇’을 키워 사람을 성장시키고 성과를 높이는 방법 사람은 누구나 말을 담아내는 그릇을 하나씩 가지고 살아간다. 그 크기와 깊이만큼 ‘말’을 사용한다. 『말 그릇』의 김윤나 작가가 3년 만에 『리더의 말 그...",http://www.yes24.com/Product/Goods/98897587,"“리더의 영향력은 말 그릇에서 나온다.”40만 부 베스트셀러『말 그릇』후속작 드디어 출간!‘리더의 말 그릇’을 키워 사람을 성장시키고 성과를 높이는 방법사람은 누구나 말을 담아내는 그릇을 하나씩 가지고 살아간다. 그 크기와 깊이만큼 ‘말’을 사용한다. 『말 그릇』의 김윤나 작가가 3년 만에 『리더의 말 그릇』으로 돌아왔다. 그 사이 한 주도 강의를 거르지 않았을 만큼 많은 리더들을 만나고 3~6개월에 걸친 1:1 코칭을 진행했다. 이 책은 그동안 수많은 교육과 코칭을 통해 얻은 말에 대한 근본적인 성찰을 바탕으로 사람을 성장시키고 성과를 만드는 리더의 말 그릇에 대해 알려준다. 구체적이고 다양한 사례를 통해 현장에서 바로 써먹을 수 있도록 리더의 질문기술 3F 피드백의 기술 요청과 칭찬의 3C 공식 면담 전 액션 시트까지 수록해 실용성을 높였다. 이 책에서 부르는 리더는 특정 직업 연차와 직책을 의미하지 않는다. 당신에게 한 명이라도 파트너와 팔로워가 있다면 ‘리더’이고 사람 사이에서 ‘관계’와 ‘성과’를 고민하는 사람이라면 그가 바로 ‘리더’이다. 어떤 말 그릇을 가진 리더와 일하는지에 따라 성장의 가능성과 성과의 크기가 달라진다. 리더의 말 그릇을 키워 사람을 성장시키고 성과를 높이는 방법을 담았다.","['그릇 리더 성장', '그릇 베스트셀러 그릇']"
19,생각정리 스피치,천그루숲,복주환 저,"김미경, 김창옥, 설민석, 조승연, 손석희 등 대한민국 스타강사들의 스피치 대본 전격분석생각정리를 잘하면 스피치는 덤이다!사람들과의 관계에서 생각은 말을 통해 전달된다. 직장인들은 사업을 위해 프레젠테이션을 하고, 대학생들은 학점을 위해 과제 발표를 한다. 취업준비생들은 면접을 위해 스피치를 준비하고, 강연...",http://www.yes24.com/Product/Goods/57655098,"김미경 김창옥 설민석 조승연 손석희 대한민국 스타강사들의 스피치 대본 전격분생각정리를 잘하면 스피치는 덤이다!사람들과의 관계에서 생각은 말을 통해 전달된다. 직장인들은 사업을 위해 프레젠테이션을 하고 대학생들은 학점을 위해 과제 발표를 한다. 취업준비생들은 면접을 위해 스피치를 준비하고 강연자들은 무대에서 해야 할 말을 준비한다. 이처럼 많은 사람들이 다양한 목적으로 말을 하며 살아가고 있다. 하지만 ‘말하기’란 쉬운 일이 아니다. 사람들 앞에 서면 매번 떨리고 논리적으로 설득되지 않고 명쾌하게 설명하지 못해 고민한다. 어떻게 하면 이 문제를 해결할 수 있을까?말을 잘하고 싶다면 말 잘하는 사람들을 교재로 삼아야 한다. 이 책에는 ‘김미경 김창옥 설민석’과 같은 스타강사들의 사례와 언론인들이 뽑은 가장 말 잘하는 사람인 ‘손석희’ 앵커의 사례가 담겨 있다. 그들이 말을 잘하는 이유는 무엇일까? 그들의 스피치 대본에는 어떤 비밀이 숨겨 있을까? 단순히 모방하는 것이 아니라 그들의 말속에 담긴 생각을 분석해야 한다. 그들의 스피치 논리와 패턴을 분석하여 나의 것으로 만들어 보자.생각정리스피치의 주제는 ‘생각정리를 잘하면 스피치는 덤이다’이다. ‘말하기와 글쓰기를 동시에 잡는 방법’을 제공하는 것이 목표다. 총 5개의 장로 구성된 이 책에는 ‘지금 즉시 머릿속을 정리해 말을 잘할 수 있는 비법’이 담겨있다. 제1장은 스피치를 할 때 생각정리가 왜 필요한지 그 이유를 설명하고 스피치 대본을 만드는 방법과 스타강사들의 대본을 분석하는 방법을 제시한다. 제2장은 스피치의 시작과 마무리 방법을 소개한다. 기분 좋은 사람으로 기억되는 자기소개 만들기 오프닝 멘트를 만드는 10가지 방법 상대의 마음을 확실히 사로잡는 엔딩 기술 등을 정리했다. 제3장은 스피치의 본론을 만드는 방법을 소개한다. 스피치 스타일을 만드는 방법 내용의 흐름을 만드는 8가지 패턴 스타강사들의 대본에 숨겨져 있는 비밀 등을 설명한다. 제4장은 자료수집 방법이다. 스피치 창고에 재료가 많은 사람이 말도 잘한다. 스피치 자료를 효과적으로 수집할 수 있는 노하우를 담았다. 제5장은 스피치가 만들어지는 과정으로 필자의 실제 사례를 정리했다. 두려움을 극복하고 성공적인 스피치를 만들었던 경험을 재구성했다.생각정리스피치는 스피치를 잘하고 싶은 당신을 위한 책이다. 책을 읽기만 하면 이해에서 끝나지만 이것을 실천하면 나의 것이 된다. 직접 해봐야 실력이 향상된다. 소리 내어 따라해 보고 예시를 참고하여 나만의 스피치 대본을 만들어 보자. 이 책의 완성은 당신에게 달려 있다는 것을 기억하라!","['취업 준비 면접', '스피치 준비 강연']"
0,모든 관계는 말투에서 시작된다,위즈덤하우스,김범준 저,"기분 좋은 커뮤니케이션을 만드는 사소한 말투의 기적수백 개의 장점을 한순간에 물거품으로 만드는 것이 있으니, 그것이 바로 말투다. 한두 마디에 담긴 말투 하나가 사람의 이미지를 만들고, 관계를 결정하며, 평판에 영향을 미친다. 이 책은 그동안 말투 때문에 본의 아니게 관계에서 오해를 불러일으켰던 사람들을 위해...",http://www.yes24.com/Product/Goods/42683819,"“짧지만 강렬하다!” “내 인생 책!” “모든 사람이 읽고 실천했으면!”“여러분 말투 하나로 월급이 오를 수도 있어요!”독자들의 쏟아지는 호평! 자기계발 필수템!화제의 베스트셀러 『모든 관계는 말투에서 시작된다』 10만 부 기념 리커버 특별판 출간!10만 명의 독자를 호감형 인간으로 변신시킨 화제의 베스트셀러 『모든 관계는 말투에서 시작된다』! 아직 이 책을 만나지 못한 독자들을 위해 10만 부 기념 스페셜 에디션이 특별 출간되었다. 더 늦기 전에 이 책과 함께 호감형 말투를 장착해 ‘만나면 기분 좋은 사람’으로 변신해보자!","['기념 커버 특별판', '변신 화제 베스트셀러']"
1,허브 코헨의 협상의 기술 2,김영사,허브 코헨 저/박진서 역,"《허브 코헨의 협상의 기술 1》에 이은 또 한 권의 협상학 교과서아마존, 뉴욕타임스 베스트셀러불가능을 가능으로, 실패를 성공으로 바꾸는 설득과 대화의 실전 협상 기술 협상은 둘 이상의 당사자들이 서로 다른 욕구와 관심사를 해결하기 위한 의사결정 수단이다. 또한, 미묘하게 다르고 끊임없이 변화하는 복잡한 존재...",http://www.yes24.com/Product/Goods/96378471,《허브 코헨의 협상의 기술 1》에 이은 또 한 권의 협상학 교과서아마존 뉴욕타임스 베스트셀러불가능을 가능으로 실패를 성공으로 바꾸는 설득과 대화의 실전 협상 기술  협상은 둘 이상의 당사자들이 서로 다른 욕구와 관심사를 해결하기 위한 의사결정 수단이다. 또한 미묘하게 다르고 끊임없이 변화하는 복잡한 존재를 이해하는 일이다. 1983년 출간 후 부동의 협상 교과서로 자리잡은 《허브 코헨의 협상의 기술 1》이 협상을 좌우하는 3가지 요소 힘?시간?정보에 대한 이해와 협상의 원칙에 집중했다면 20년의 시간차를 두고 출간된 《허브 코헨의 협상의 기술 2》(Negotiate This!)는 협상에서 유리한 고지를 점하기 위한 설득과 대화의 기술을 더 많이 알려준다. 직접 관여했던 수천 건의 협상 중에서도 이란 대사관 인질 사건과 베이루트 여객기 납치 사건에 대한 분석을 추가 수록해 제1권에서 강조했던 요소들과 원칙을 실전에서 어떻게 활용했는지 확인할 수 있다.,"['협상 기술 협상', '협상 교과서 자리']"
2,돈이 되는 말의 법칙,살림출판사,간다 마사노리 저,"“말하는 방법만 조금 바꿔도 부자가 될 수 있다”연봉 협상부터 영업 현장까지 ‘판매의 신’에게 배우는 말하기 공식 일본 최고의 마케터이자 무려 2만 명의 사장을 배출한 창업 멘토가 ‘물건을 팔고 돈이 벌리는 기술’을 법칙으로 정리했다. 영업자, 세일즈맨만 물건을 파는 시대는 끝났다. 이젠 누구라도 돈을 벌고 ...",http://www.yes24.com/Product/Goods/34647383,“말하는 방법만 조금 바꿔도 부자가 될 수 있다”연봉 협상부터 영업 현장까지 ‘판매의 신’에게 배우는 말하기 공식   일본 최고의 마케터이자 무려 2만 명의 사장을 배출한 창업 멘토가 ‘물건을 팔고 돈이 벌리는 기술’을 법칙으로 정리했다. 영업자 세일즈맨만 물건을 파는 시대는 끝났다. 이젠 누구라도 돈을 벌고 ‘팔리는 일’에 매진해야만 살아남을 수 있다. 이 책의 1부는 독자를 ‘돈을 벌 수 있는 체질’로 만들기 위해 실제 현장에서 어떻게 고객에게 물건과 서비스를 판매할 것인지 5가지 질문을 던지며 하나하나 첨삭 코칭 해준다. 또한 이 책의 2부에서 3단계로 나누어 열거하는 41개 말하기 공식은 저자가 20여 년 동안 현장에서 체득하고 업데이트를 거듭하여 최초 공개하는 ‘New PASONA' 공식을 기반으로 체계적이고 과학적으로 부자가 되는 길로 안내한다. 책의 전반에서 ‘돈 되는 일’과 ‘돈 안 되는 일’을 세뇌하듯 알려주어 돈 버는 과정에서 흔히 범하는 시행착오를 줄여준다.,"['부자 연봉 협상', '판매 공식 일본']"
3,관계를 망치지 않는 대화법,경향비피,임정민 저,"후회가 줄고 오해가 풀리는 소통의 기술우리는 행복하기 위해서 대화를 한다. 관계를 맺기 위해서 대화를 한다. 소통하기 위해, 협력하기 위해 그리고 성공하기 위해서 대화를 한다. 결국 우리는 대화 없이는 살 수가 없다. 그런데도 말 연습을 하고, 대화 연습을 열심히 하는 사람은 드물다. ‘말’ 때문에 관계를 망치고,...",http://www.yes24.com/Product/Goods/116962313,후회가 줄고 오해가 풀리는 소통의 기술우리는 행복하기 위해서 대화를 한다. 관계를 맺기 위해서 대화를 한다. 소통하기 위해 협력하기 위해 그리고 성공하기 위해서 대화를 한다. 결국 우리는 대화 없이는 살 수가 없다. 그런데도 말 연습을 하고 대화 연습을 열심히 하는 사람은 드물다. ‘말’ 때문에 관계를 망치고 좋은 기회를 놓치고 사회적 이미지를 깎아 먹는 일은 이제 멈춰야 한다. 소통이 안되면 평생 고통스럽고 힘겨운데 그것을 개선하기 위한 노력은 대부분 하지 않는다. 저자는 전국 각지에서 강의를 하며 그동안 말 때문에 상처받은 사람들을 현장에서 직접 만나 소통해 왔다. 저자를 직접 찾아와 코칭을 받은 사람들도 수천 명에 달한다. 임정민 저자는 잘못된 대화를 바로잡고 행복한 관계를 만드는 소통의 비법을 교류분석 심리학에서 찾아 수많은 사람의 삶을 변화시킨 노하우와 사례를 담은 책 『어른의 대화법』을 냈고 이 책은 독자들의 호응을 받아 ‘2022 화술 부문 1위 베스트셀러’가 되었다.미국의 정신의학자인 에릭 번이 창시한 교류분석 심리학은 인간의 의사소통 방식과 행동 양식에 관한 체계적인 성격 이론으로 인간관계가 존재하는 모든 상황에 적용시킬 수 있다. 『어른의 대화법』에서는 ‘PAC 자아상태’와 ‘교류 패턴’ ‘스트로크Stroke’를 다루었고 이번 책 『관계를 망치지 않는 대화법』에서는 ‘인생 태도’와 ‘시간의 구조화’에 대한 내용을 담았다. 낯선 용어들이지만 이해하기 쉽게 풀어 썼다. 실제 상황에서 바로 적용할 수 있는 유용한 화법들을 대화 연습과 함께 자세히 다루었다. 10년 넘게 수천 명을 대상으로 말하기와 커뮤니케이션 코칭을 해 오면서 실질적으로 큰 변화를 이끈 화법들을 엄선해 수록했다.,"['연습 대화 연습', '후회 오해 소통']"
4,어른의 문답법,윌북(willbook),"피터 버고지언,제임스 린지 저/홍한결 역","철학, 논리학, 인식론에서 길어 올린 어른을 위한 대화법 강의『이기적 유전자』저자 리처드 도킨스 강력 추천바야흐로 ‘갈등의 시대’다. 저녁 식탁에서, 온라인에서, 직장에서, 정치 현장에서 우리는 수많은 갈등을 마주한다. 나의 편견과 남의 편견이 만나면 생각의 접점이란 아예 없어 보이기까지 한다. 이렇게 ‘말이...",http://www.yes24.com/Product/Goods/103449756,철학 논리학 인식론에서 길어 올린 어른을 위한 대화법 강의『이기적 유전자』저자 리처드 도킨스 강력 추천바야흐로 ‘갈등의 시대’다. 저녁 식탁에서 온라인에서 직장에서 정치 현장에서 우리는 수많은 갈등을 마주한다. 나의 편견과 남의 편견이 만나면 생각의 접점이란 아예 없어 보이기까지 한다. 이렇게 ‘말이 전혀 통하지 않는 대화’를 하게 될 때 당신은 보통 어떻게 행동하는가? 이쯤에서 관두자며 포기하거나 험한 말을 주고받거나 상처 주는 말로 맺음 하거나 더 이상 상종 못 할 사람이라며 관계를 끊어버리지는 않는지?우리가 생각이 다른 상대와 속 시원하면서도 품격 있게 논쟁할 줄 모르는 이유는 바로 제대로 된 토론 방법을 배워본 적이 없어서다. 골 깊은 갈등을 온전한 대화로 직접 풀어나가는 노하우가 우리에겐 없다고 해도 과언이 아니다. 더 큰 문제는 이런 상태로 ‘갈등의 시대’를 맞이했다는 것. 우리는 세대 젠더 빈부 정치적 성향 등 예민한 주제 앞에서 되도록 말을 섞지 않고 피하면서 온라인으로 숨어 들어가 어른답지 못한 말들을 내뱉는다. 이처럼 ‘대화의 단절과 부재’ 상황을 타파하고자 철학 교수와 수학 박사가 나섰다. 개인의 증오와 혐오 문제가 점점 사회 문제로 비화하는 양상을 지켜보며 ‘성숙하고 지속적인 대화’를 하기 위한 실용적이면서도 철학적인 가이드라인을 제시한다. 무조건 한쪽의 생각대로 밀어붙이기보다 둘 사이의 간격을 좁혀 새로운 하나의 합의점을 찾아내는 36가지 길을 논리학 인식론 수학 심리학을 바탕으로 우리 앞에 논리정연하게 펼쳐놓는다.  사회적인 담론은 물론 일상생활에서 타인과 부대끼며 끊임없는 다름을 겪는 우리에게 ‘균형 잡힌 화법으로 품위 있게 문답하는 법’은 가능할 뿐 아니라 꼭 필요한 일이기도 하다. 말이 통하지 않는 타인과 나아가서는 정치적 이념적인 적과도 대화를 할 수 있어야만 진실에 가까워질 수 있기 때문이다. 두 논쟁의 달인이 이 모든 불통의 상황을 어떻게 타파하고 합의를 끌어내며 대립을 치유하는지 들여다보자. 이제 진짜 ‘어른의 대화’를 시작할 때다.,"['온라인 직장 정치', '갈등 온전 대화']"
5,어떻게 원하는 것을 얻는가,세계사,스튜어트 다이아몬드 저/김태훈 역,"세계 최고 MBA 와튼스쿨에서 20년 연속 최고 인기 강의 선정!Wall Street Journal 선정, 직장인 필독서 Top #1!Business Insider 선정, 인생에 꼭 필요한 리더십·성공 서적!전 세계 Google 임직원 ‘공식 교육 프로그램’ 삼성경제연구소(SERI)가 선정한 ‘CEO 필독서’“단 하루도 이 책에서 배운 것을 사용하지 않은 날이...",http://www.yes24.com/Product/Goods/110021680,"세계 최고 MBA 와튼스쿨에서 20년 연속 최고 인기 강의 선정!Wall Street Journal 선정 직장인 필독서 Top #1!Business Insider 선정 인생에 꼭 필요한 리더십·성공 서적!전 세계 Google 임직원 ‘공식 교육 프로그램’삼성경제연구소(SERI)가 선정한 ‘CEO 필독서’“단 하루도 이 책에서 배운 것을 사용하지 않은 날이 없다!”Head of International Business Development Facebook2011년 11월 말 국내 출간되어 전국 서점가에 ‘협상’ 바람을 불러일으키고 이듬해인 2012년 ‘올해의 책’으로 선정된 뒤 10년이 지난 지금까지도 스테디셀러로 무수한 독자들을 만나온 책 연간 5만 달러가 넘는 MBA 학비를 내고도 쉽게 들을 수 없는 수업을 단 한 권으로 정리해 놀라움을 산 책 매년 그 기록을 갱신하며 ‘20년 연속 와튼스쿨 최고 인기강의’라는 명예의 전당에 선 책! 모두 『어떻게 원하는 것을 얻는가』를 수식하는 말이다.『어떻게 원하는 것을 얻는가』와 저자인 스튜어트 다이아몬드 교수 앞에 쏟아진 무수한 찬사 속에는 내로라하는 기업뿐 아니라 평범할 수도 있는 우리 모두의 이야기가 담겨 있다. 매력적인 열두 가지의 전략과 협상모델 등 호의적 분위기 속에서 효과를 발휘하는 세부 전략들은 당장 사용할 수 있을 만큼 쉽고 실용적이라는 평을 받았다. 협상이라는 단어 너머의 의미를 발견해내 기존 고정관념을 타파한 이 책은 제목 그대로 누구에게나 ‘원하는 것을 얻게 해주는’ 방법과 원리를 알려준다.","['리더십 성공 서적', '세계 직원 공식']"
6,생각정리 스킬,천그루숲,복주환 저,"‘온오프믹스’ 2년 연속 1위 강연 『생각정리스킬』을 책으로 만나다!복잡한 생각은 스마트하게 정리하고, 단순한 생각은 아이디어로 창조하라!우리는 살아있는 동안 생각을 멈출 수 없다. 세상의 모든 일의 시작과 끝이 생각정리로 이루어지기 때문이다. 문제는 생각이 정리되지 않아 힘들어 하는 사람들이 우리 주변에 ...",http://www.yes24.com/Product/Goods/34914538,‘온오프믹스’ 2년 연속 1위 강연 『생각정리스킬』을 책으로 만나다!복잡한 생각은 스마트하게 정리하고 단순한 생각은 아이디어로 창조하라!우리는 살아있는 동안 생각을 멈출 수 없다. 세상의 모든 일의 시작과 끝이 생각정리로 이루어지기 때문이다. 문제는 생각이 정리되지 않아 힘들어 하는 사람들이 우리 주변에 너무 많다는 것이다. 인터넷이 등장하고 빅데이터 시대가 되었지만 정작 머릿속에 있는 생각을 체계적으로 정리할 수 있는 사람들은 과연 얼마나 될까? 『생각정리스킬』을 한마디로 요약하면 ‘명쾌하게 생각하고 정리하고 말하는 방법’이다. 이는 비즈니스에서 가장 중요한 능력이자 기본 중의 기본이다. 생각정리·생각설계·생각표현 이 3가지를 고루 갖춘 사람은 유능한 인재로 인정받을 수 있다.이 책 『생각정리스킬』은 강의를 통해 나온 콘텐츠이다. 바쁜 직장인부터 취업준비를 앞둔 대학생 그리고 각 분야의 전문가까지 생각정리스킬의 교육을 필요로 하는 분들을 위해 매월 [생각정리스킬] 공개특강을 여는데 모임문화플랫폼 ‘온오프믹스’에서 2년 연속 1위 강연이 되었다. 오랜 시간 동안 다양한 분야의 사람들을 만나고 교육을 통해 그들이 변화하는 것을 보면서 ‘생각정리스킬’은 전 국민 모두에게 필요한 커뮤니케이션 기술이라는 확신이 들었다.생각정리스킬은 너나 할 것 없이 모두에게 필요한 능력이다. 있으면 좋고 없으면 그만인 그런 능력이 아니다. 없으면 당장 살아가는데 지장이 생기는 아주 중요한 능력이다.이 책은 그동안 방법을 알지 못해 고민했던 사람들에게 희망을 갖게 해줄 것이고 자신만의 생각정리스킬이 있던 사람에게는 날개를 달아줄 것이다.,"['인터넷 등장 빅데이터', '생각 아이디어 창조']"
7,어른의 어휘 공부,책장속북스,신효원 저,"매일 쓰는 단어 하나만 변주해도나를 바라보는 사람들의 시선이 달라집니다.단어 하나 바꾸는 것만으로 내 말의 신뢰도를 높여줄, 단 한 권의 책!이 책은 ‘한국인들이 반복적으로 쓰는 어휘를 어떻게 하면 다양하고 생동감 있게 바꿀 수 있을까?’라는 질문에서 출발했다. 우리가 하루를 살아가면서 사용하는 어휘의 수는 ...",http://www.yes24.com/Product/Goods/110230047,"매일 쓰는 단어 하나만 변주해도나를 바라보는 사람들의 시선이 달라집니다.단어 하나 바꾸는 것만으로내 말의 신뢰도를 높여줄 단 한 권의 책!이 책은 ‘한국인들이 반복적으로 쓰는 어휘를 어떻게 하면 다양하고 생동감 있게 바꿀 수 있을까?’라는 질문에서 출발했다. 우리가 하루를 살아가면서 사용하는 어휘의 수는 얼마나 될까? 저자는 우리의 언어 세상을 몇 안 되는 단어가 독식하고 있다고 한다. ‘숱하고 허다하며 수많으며 수두룩하고 비일비재하며 하고많고 흔전만전하다’로 말할 수 있는 상황과 대상은 ‘정말 많고 너무 많고 진짜 많고 좀 많다’로 뭉뚱그려 우리의 어휘력은 옹색해졌고 그 탓에 말과 글은 매력을 잃고 지루해져 버렸다고 한다.닳고 닳은 나의 말과 글에 어떻게 생기를 불어넣을까?고급스럽고 지적인 대화를 위한 유의어의 힘!어휘력을 키우기 위해 책과 사전을 가까이하라지만 막상 반복적으로 쓰는 단어를 대체할 어휘를 책과 사전에서 골라내기란 여간 어려운 일이 아니다. 저자는 모호한 대안이 아닌 어휘의 빈곤을 채울 수 있는 실질적인 해답을 제시하고 있다. 이를 위해 실제로 한국인이 흔히 사용하는 어휘 50여 개를 선정했고 이들의 유의어를 수록했다. ‘한국인이 흔히 사용하는 어휘’로 구성된 만큼 수록된 50개 어휘는 한국인이라면 누구든 반복적으로 사용하고 있는 단어들이다. 저자는 어휘의 뜻을 단순히 사전적 정의가 아닌 일상 속 이야기를 통해 풀어냄으로 각 어휘가 내포하고 있는 어감을 정확히 알려주어 독자가 적재적소에 다양한 어휘로 바꿔 쓸 수 있도록 한다. 이 책을 따라가다 보면 어느새 삶의 이야기를 밀도 높게 풀어내고 있는 당신을 만나게 될 것이다.","['수록 어휘 한국인', '언어 세상 단어']"
8,적을 만들지 않는 대화법,갈매나무,샘 혼 저/이상원 역,"적을 단숨에 내 편으로 만드는 한마디 말,누구에게도 만만히 보이지 않으면서늘 사람이 따르게 하는 최고의 대화법샘 혼은 “16년 전에 쓴 책『적을 만들지 않는 대화법Tongue Fu!』이한국에서 베스트셀러에 올랐다기에 놀랐다”면서“한국처럼 빠르게 발전하는 사회일수록 ‘텅후Tongue Fu’로 방어해야 할 일이 많기 때문...",http://www.yes24.com/Product/Goods/114898665,적을 단숨에 내 편으로 만드는 한마디 말누구에게도 만만히 보이지 않으면서늘 사람이 따르게 하는 최고의 대화법샘 혼은 “16년 전에 쓴 책『적을 만들지 않는 대화법Tongue Fu!』이한국에서 베스트셀러에 올랐다기에 놀랐다”면서“한국처럼 빠르게 발전하는 사회일수록 ‘텅후Tongue Fu’로 방어해야 할 일이 많기 때문이 아니겠나”라고 말했다.― 조선일보 Weekly BIZ 샘 혼 인터뷰 중에서2008년 출간 후 독자들에게 ‘최고의 화술책’으로 극찬받아온 스테디셀러!까다로운 사람과 지혜롭게 대화하는 법 늘 사람이 따르게 하는 대화법의 바이블로 오랫동안 선택받아온 스테디셀러 『적을 만들지 않는 대화법』이 새로운 개정판으로 출간되었다. 『적을 만들지 않는 대화법』은 2008년 출간 이후 10년이 넘는 기간 동안 화술/협상 분야에서 ‘최고의 책’으로 꼽히며 부동의 베스트셀러로 사랑을 받아왔다. 특히 국립중앙도서관에서 가장 많이 대출된 ‘직장인’ 관련 도서로 선정(2018년)되는 등 사회생활을 하는 많은 직장인에게 갈등을 협력으로 바꾸는 실용적인 해법을 제시해왔다. 보다 산뜻한 감각의 디자인으로 단장한 이번 판 역시 대화에 어려움을 겪는 이들 그리고 더 나은 관계를 원하는 이들에게 꼭 필요한 지침서가 되어줄 것이다.『적을 만들지 않는 대화법』은 어떠한 상황에도 속절없이 말려들지 않고 똑똑하게 원하는 것을 얻을 수 있게 하는 대화의 기술을 조목조목 전해준다. 핵심은 당신 자신의 권리와 상대방의 권리를 동시에 지키는 것이다. 우리는 이 책에서 죄책감 없이 “No”라고 말하는 법 당당하게 거절하는 법 남을 설득하여 원하는 것을 얻어내는 법을 습득할 수 있다. 적을 만들지 않기 위해 양보나 인내만을 중시할 필요는 없다. 나 자신을 지키는 당당한 대화법을 통해 인간관계를 개선하고 싶은 독자들 역시 이 책의 조언에 귀 기울일 만하다.,"['화법 한국 베스트셀러', '한국 베스트셀러 면서']"
9,대통령 보고서,위즈덤하우스,노무현대통령비서실 보고서 품질향상 연구팀 저,"‘보고서 작성의 어려움’이라 하면 경험해보지 못한 사람에게는 우스운 일일 수 있지만, 어떤 종류의 보고서든 한 번이라도 작성해본 사람에게는 절실하게 공감이 가는 문제일 것이다. 현재까지 표준화된 보고서가 없는 것도 문제지만, 그 사용 범위도 다양하고 회사마다, 사용하는 사람마다 중요하게 여기는 것이 제각각...",http://www.yes24.com/Product/Goods/2639685,‘보고서 작성의 어려움’이라 하면 경험해보지 못한 사람에게는 우스운 일일 수 있지만 어떤 종류의 보고서든 한 번이라도 작성해본 사람에게는 절실하게 공감이 가는 문제일 것이다. 현재까지 표준화된 보고서가 없는 것도 문제지만 그 사용 범위도 다양하고 회사마다 사용하는 사람마다 중요하게 여기는 것이 제각각인 것도 문제다. 『대통령 보고서』는 사용자가 다르고 쓰는 목적이 다른 수많은 보고서들의 표준화에 도전하고 수요자 중심의 보고서를 만들기 위한 노력이 돋보이는 책이다. 제목에서 드러나는 바와 같이 대통령비서실 자체의 보고서에 대한 문제 인식에서 시작된 이 책에서 저자들은 보고서는 그저 귀찮고 형식적인 과정이 아닌 ‘혁신의 기본’이라고 말한다. 보고서에는 어떤 현안에 대한 문제의식은 물론 가장 합리적인 대안 최종 의사결정권자에게 정보를 제공하는 일까지 포함되어야 하기 때문이다. 보고서가 혁신되면 조직이 혁신된다. 보고서를 잘 쓰는 사람이 인정받는 데는 다 그만한 이유가 있는 것이다,"['보고서 표준화 도전', '보고서 작성 어려움']"
10,바바라 민토 논리의 기술,더난출판사,바바라 민토 저/이진원 역/최정규 감수,맥킨지 최초의 여성 컨설턴트 바바라 민토가 쓴논리적 글쓰기의 살아있는 교과서우리는 매일 갖가지 문제에 직면하고 이를 해결하는 과정에서 다양한 유형의 의사소통을 경험한다. 특히 비즈니스 세계에서는 복잡한 의사소통을 요구하는 문제가 빈번히 발생한다. 그런 문제들은 대부분 조직의 이해관계나 사업의 존폐와 직...,http://www.yes24.com/Product/Goods/77671422,맥킨지 최초의 여성 컨설턴트 바바라 민토가 쓴논리적 글쓰기의 살아있는 교과서우리는 매일 갖가지 문제에 직면하고 이를 해결하는 과정에서 다양한 유형의 의사소통을 경험한다. 특히 비즈니스 세계에서는 복잡한 의사소통을 요구하는 문제가 빈번히 발생한다. 그런 문제들은 대부분 조직의 이해관계나 사업의 존폐와 직접 관련된 만큼 상황에 대한 정확한 분석과 냉철한 판단을 통해 최적의 대안을 마련해야 한다. 『바바라 민토 논리의 기술』은 바로 이런 비즈니스 세계의 문제 해결에 필요한 논리적 사고와 의사소통의 기술에 관해 다룬 책이다.바바라 민토는 어떤 사람의 글이나 말이 명료하게 이해되지 않는 이유는 필자 혹은 화자가 자기 생각을 나열한 방식 곧 글의 구성방식과 글을 읽는 사람의 사고방식이 일치하지 않기 때문이라고 지적하고 피라미드 원칙에 따라 생각을 구성하면 누구나 쉽게 이해할 수 있는 명쾌한 글을 쓸 수 있으며 또한 어떤 사람과도 설득력 있는 대화를 나눌 수 있다고 말한다. 민토 피라미드 원칙은 글쓰기뿐만 아니라 설득 협상 프레젠테이션 등 모든 커뮤니케이션 활동에서도 매우 유용하게 활용될 수 있다. 중요한 문제 해결을 위해 기획안을 작성할 때 상사에게 요점만 간추려 보고해야 할 때 고객에게 제품을 설명하고 사게 만들어야 할 때 혹은 회의 시간에 자신의 의견을 조리 있게 말하고 싶을 때 등 비즈니스 세계에서뿐만 아니라 일상생활에서도 민토 피라미드 원칙을 활용하면 자신의 주장을 이해하기 쉬우면서도 강력하게 전달할 수 있다.,"['문제 해결 논리', '경험 비즈니스 세계']"
11,연봉 올리는 말투 ,레몬북스,김민경 저,"말투가 바뀌면 인생의 모든 것이 바뀐다잘나가는 직장인은 어떻게 말할까?“반드시 표현의 기술을 익혀라!”우리는 모두 어떤 형태로든 누군가에게 고용되어 살아간다. 특히 직장인은 직급이 올라갈수록 화려한 외모, 뛰어난 능력보다 어떻게 말하느냐가 몸값에 더 큰 영향을 준다. 일터와 인간관계에서 인정받는 사람은 모...",http://www.yes24.com/Product/Goods/116859340,말투가 바뀌면 인생의 모든 것이 바뀐다  잘나가는 직장인은 어떻게 말할까?  “반드시 표현의 기술을 익혀라!”우리는 모두 어떤 형태로든 누군가에게 고용되어 살아간다. 특히 직장인은 직급이 올라갈수록 화려한 외모 뛰어난 능력보다 어떻게 말하느냐가 몸값에 더 큰 영향을 준다. 일터와 인간관계에서 인정받는 사람은 모두 상대방이 좋아하는 말투를 쓴다. 이 책은 좋은 인간관계 사람의 마음을 사로잡는 말투 말투 때문에 사람이 떠나가지 않도록 하는 말하기 기술을 알려준다. 스피치 전문 교육기관 ‘리셋큐’ 대표이자 마인드업 스피치 강사로 활동하고 있는 저자는 잘못된 대화가 관계의 파탄은 물론 사회적인 성장을 가로막는 장애물이라는 사실을 알게 되었다. 이 때문에 건강한 대화에 대한 깊이 있는 연구를 했다. 성공한 대가는 모두 대화의 달인이다. 진정한 대화의 달인은 말솜씨가 뛰어난 사람이 아니라 상대의 마음을 읽을 수 있는 사람이다. 말투를 바꾸면 인생의 모든 것이 바뀐다. 소중한 인간관계를 지켜주면서 타인의 마음을 사로잡는 대화법을 알려주는 이 책은 평범한 지능을 가진 보통의 사람들이 엄청난 성공을 이루도록 도와줄 것이다.,"['달인 말솜씨 사람', '직장인 직급 외모']"
12,할 말은 합니다,유영,희렌최 저,귀에 쏙쏙 박히는 화법으로 41만 구독자의 마음을 뻥 뚫어준 희렌최와 함께하는 말 공부커뮤니케이션 분야의 독보적 유튜브 [희렌최널]의 첫 책 《할 말은 합니다》에는 무례하게 선을 넘는 사람들로부터 나를 지키는 최소한의 언어 습관을 담았다. 말에도 지켜야 할 선이 있다. 무방비 상태로 있다 보면 불쑥불쑥 선을 넘...,http://www.yes24.com/Product/Goods/103401258,귀에 쏙쏙 박히는 화법으로 41만 구독자의 마음을 뻥 뚫어준 희렌최와 함께하는 말 공부커뮤니케이션 분야의 독보적 유튜브 [희렌최널]의 첫 책 《할 말은 합니다》에는 무례하게 선을 넘는 사람들로부터 나를 지키는 최소한의 언어 습관을 담았다. 말에도 지켜야 할 선이 있다. 무방비 상태로 있다 보면 불쑥불쑥 선을 넘어오는 사람들에게 어떤 대응도 하지 못한 채 답답하고 억울한 상황에 처하게 된다. 이럴 때 필요한 것이 바로 희렌최식 ‘호신의 언어 기술’이다. 개소리엔 ‘냥소리’로 포식자에겐 ‘피식’ 화법으로! 원치 않는 평가와 충고에는 단답과 침묵으로! 막말을 맞받아치는 미지근한 대답의 힘까지 책에는 즉시 써먹을 수 있는 실용적인 호신의 언어 기술로 가득하다. 그뿐만 아니라 나를 위한 긍정의 언어로 말하기 단점보다 장점을 극대화하는 언어 습관 등 자존감을 높이는 말하기도 함께 담았다. 사회 초년생은 물론 그들과 일하고 커뮤니케이션해야 하는 세대까지 누구에게나 유용한 화술을 알려줘 말 때문에 손해 보는 인생이 아닌 말 덕분에 잘 풀리는 인생을 살게 해줄 것이다.,"['언어 습관 무방비', '긍정 언어 단점']"
13,말투 하나 바꿨을 뿐인데 (리커버 에디션),유노북스,나이토 요시히토 저/김한나 역,"20만 독자가 이 책을 읽고, 소장하고, 추천하는 결정적 이유!“말투가 결과를 바꾸고, 인생을 바꾼다!”대한민국에 ‘말투 신드롬’을 일으킨 《말투 하나 바꿨을 뿐인데》20만 부 기념 스페셜 리커버 에디션단지 말투를 살짝 바꿨을 뿐인데 상대방을 설득할 확률이 40% 이상 높아진다면, 믿을 수 있는가? 아마 농담처럼 들...",http://www.yes24.com/Product/Goods/37126882,20만 독자가 이 책을 읽고 소장하고 추천하는 결정적 이유!“말투가 결과를 바꾸고 인생을 바꾼다!”대한민국에 ‘말투 신드롬’을 일으킨 《말투 하나 바꿨을 뿐인데》20만 부 기념 스페셜 리커버 에디션단지 말투를 살짝 바꿨을 뿐인데 상대방을 설득할 확률이 40% 이상 높아진다면 믿을 수 있는가? 아마 농담처럼 들릴 것이다. 하지만 《말투 하나 바꿨을 뿐인데》의 저자이자 일본의 베스트셀러 심리학자인 나이토 요시히토 박사에 따르면 당신의 말하기에 ‘심리’를 더하면 가능하다.텍사스 대학교의 심리학자 세나 가벤의 실험을 보자. 그가 어떤 주제에 대해 단지 ‘당신은 어떻게 생각하는가?’라고만 물었더니 10퍼센트만 동의했지만 ‘모두가 그렇다고 하는데 당신은 어떻게 생각하는가?’라고 질문하자 그 비율이 무려 50퍼센트까지 뛰어올랐다! 이것이 심리학에서 말하는 ‘사회성의 법칙’의 효과다. 같은 이야기라도 ‘모두가 그렇게 한다’고 덧붙이면 상대가 내 의견에 동의할 확률이 비약적으로 높아진다! 상대방에게 부탁할 때는 ‘사소한 부탁’부터 하면 좋다. 단순히 “일 좀 도와줄래?”라고 말하지 말고 “10분만 도와줄래?”라고 부탁하면 1시간을 도와달라고 할 때보다 부담이 가벼워져서 상대방이 응할 가능성이 높다. 또 한 번 응하면 10분이 지났다고 바로 가버리는 사람은 거의 없다. 심리학자 로버트 치알디니는 실험을 통해 이와 같은 심리 현상을 발견하고 ‘이븐 어 페니 테크닉’이라고 이름을 붙였다.이처럼 사람은 90% 심리로 움직이고 심리는 90% 말로 움직인다. 따라서 사람의 마음을 움직이는 심리 법칙을 이해하고 말투를 조금 바꾸는 것만으로도 일이 더 잘 풀리고 인간관계가 극적으로 달라진다. 말을 잘 사용하면 돈을 벌 수 있고 이성과 사이좋게 지낼 수 있으며 행복한 결혼생활도 할 수 있다. 《말투 하나 바꿨을 뿐인데》는 40가지 심리 기술을 활용해 사람의 마음을 움직이는 ‘말투의 심리학’을 들려준다. 어떤 말투를 사용하면 상대방이 행동하고 어떤 말투를 쓰면 상대방이 행동하지 않는지 그 노하우를 구체적으로 안내한다. 이제부터라도 말투를 아주 조금만 바꿔 보자. 그것만으로도 인생이 긍정적으로 바뀌는 것을 경험할 수 있을 것이다. 이 책이 가이드가 되어 줄 것이다.,"['일본 베스트셀러 심리학자', '이자 일본 베스트셀러']"
14,한마디면 충분하다,쌤앤파커스,장문정 저,"듣자마자 사게 만드는 마케팅 세일즈 언어의 결정판! 시간당 수백억 매출을 올려주는 남자, 이 세상 모든 상품에 꼭 맞는 ‘언어’를 다듬고 만들어 마케팅에 제트엔진을 달아주는 남자. 상품에 혼(魂)을 불어넣는 설득 언어의 마술사. 20만 독자를 열광시킨 기획ㆍ마케팅ㆍ세일즈의 베스트셀러 『팔지 마라, 사게 하라』의...",http://www.yes24.com/Product/Goods/39347961,"듣자마자 사게 만드는 마케팅 세일즈 언어의 결정판!시간당 수백억 매출을 올려주는 남자 이 세상 모든 상품에 꼭 맞는 ‘언어’를 다듬고 만들어 마케팅에 제트엔진을 달아주는 남자. 상품에 혼(魂)을 불어넣는 설득 언어의 마술사. 20만 독자를 열광시킨 기획ㆍ마케팅ㆍ세일즈의 베스트셀러 『팔지 마라 사게 하라』의 저자 장문정이 신간 『한마디면 충분하다』로 더욱 강력하게 돌아왔다.『한마디면 충분하다』는 고객과 소비자의 눈과 귀를 쉴 틈 없이 공략하는 말들의 각개전투장인 비즈니스 세계에서 기선을 제압하고 승기를 잡는 ‘설득언어 포장기술’을 완벽하게 소개한다. “컨셉부터 네이밍 기발한 카피에서 꽂히는 멘트까지”라는 부제에서 짐작되듯이 이 책은 마케팅ㆍ세일즈뿐만 아니라 귀에 쏙 들어오고 뇌리에 각인되는 상품 기획과 컨셉에 필요한 노하우까지 남김없이 알려준다.","['마케팅 제트엔진 남자', '마술사 독자 열광']"
15,배우처럼 말하고 주인공처럼 산다,가디언,오정훈 저,“배우처럼 읽다 보면 저절로 익혀지는 말하기의 모든 것!”말하기가 두려운 사람들을 위한 현역 배우의 스피치 과외『배우처럼 말하고 주인공처럼 산다』는 영화&드라마 명대사를 통해 스피치의 기본부터 실전까지 익히는 ‘말 잘하는 방법’이 담긴 자기계발서다. 배우로 활동하는 저자 오정훈이 직접 겪고 깨우치며 얻은...,http://www.yes24.com/Product/Goods/116414939,"“배우처럼 읽다 보면 저절로 익혀지는 말하기의 모든 것!”말하기가 두려운 사람들을 위한 현역 배우의 스피치 과외『배우처럼 말하고 주인공처럼 산다』는 영화&드라마 명대사를 통해 스피치의 기본부터 실전까지 익히는 ‘말 잘하는 방법’이 담긴 자기계발서다. 배우로 활동하는 저자 오정훈이 직접 겪고 깨우치며 얻은 훈련 방법으로 총 31단계 트레이닝 과정이 담겨 있다. 호흡이 불안정하고 발음이 부정확한 사람부터 무대에 올라갔을 때 긴장을 이기지 못하는 사람 1인 미디어에 적합한 말하기를 찾는 사람까지 스피치에 고민을 가진 사람이라면 누구나 말을 잘할 수 있도록 발성의 기초 지식 무대의 긴장감을 다루는 법 말하기 매너를 일대일 과외하듯 코칭한다. 이 책에서 가장 주목할 점은 영화&드라마 명대사를 활용해 이론의 이해를 돕는다는 점이다. 영화 [부당거래] 류승범 [오징어 게임] 이병헌 [부부의 세계] 김희애 등 좋은 ‘딕션’으로 대사 전달력이 훌륭한 배우들의 대사를 통해 말하기 이론을 쉽게 알려주고 31단계 스피치 훈련(76개 연습)을 통해 말하기 기술을 차근차근 익히도록 돕는다. 남녀노소 불문 스피치의 본질적인 부분을 개선해 줄 처방전과 같은 책이다.현역 배우이자 매년 2000시간 이상 스피치 강사로 활동하는 액팅스피치클래스 대표 오정훈 저자는 초등학생부터 대학원생 직장인 CEO 전문직 신인배우 등 나이와 직업을 막론하고 다양한 사람들의 언어를 변화시켜왔다. 과거의 저자는 내성적인 성격으로 말하기를 두려워하는 배우였다. 저자는 ‘나답게 말하기란 무엇인가?’라는 고민을 시작으로 해외 연기술과 스피치를 접목하여 연구하기 시작했고 MFA 석사과정을 밟으며 보다 전문적인 지식을 삶의 무대에서 직접 적용하며 극복해나갔다. 몇 년의 시행착오 끝에 언어가 회복되는 것을 느낀 그는 한발 앞서 두려움을 극복해낸 사람으로서 같은 어려움을 겪는 이의 고민을 함께하고자 스피치 코치가 되었다. 저자의 경험에만 국한된 훈련이 아닌 해부학적·심리학적 기초에 근거한 훈련 프로그램 ‘액팅스피치’로 그들의 말을 보석처럼 다듬어주고 있다.","['오정훈 직접 훈련', '트레이닝 과정 호흡']"
16,말은 운명의 조각칼이다 (리커버 에디션),천그루숲,이민호 저,"따뜻한 말, 배려하는 말이 우리의 인생을 아름답게 조각한다!스피치코치 이민호의 말하기특강!JTBC [말하는대로] 스피치 코치,[세상을 바꾸는 시간 15분] 스피치 코치,1억 상금 [영어 강사 TV 오디션] 우승자 …JTBC [말하는대로]의 스피치 코치를 맡으면서 놀라운 사실을 알게 되었어요. 유명 연예인들조차 말하기를 두려...",http://www.yes24.com/Product/Goods/67572162,따뜻한 말 배려하는 말이 우리의 인생을 아름답게 조각한다!스피치코치 이민호의 말하기특강!JTBC [말하는대로] 스피치 코치[세상을 바꾸는 시간 15분] 스피치 코치1억 상금 [영어 강사 TV 오디션] 우승자 …JTBC [말하는대로]의 스피치 코치를 맡으면서 놀라운 사실을 알게 되었어요. 유명 연예인들조차 말하기를 두려워한다는 거예요. 한창 잘 나가는 대세 개그맨 해외공연을 다니며 수만 명 앞에서 공연을 하는 아이돌 그룹의 멤버들조차도 말하기를 두려워하더라고요. 정확하게 말하자면 ‘10분 이상 자신의 이야기를 하는 것’이 부담스러운 것 같아요. 저의 직업은 사람들의 말하기를 돕는 ‘스피치 코치’입니다. 그들의 말에 논리구조를 만들고 적절한 단어를 고르고 리허설을 도왔습니다. 긴장된 시간 후에 그들은 청중 앞에 섰고 청중들은 그들의 이야기에 감동했습니다. 그동안의 두려움이 무색할 정도로 웃음 행복 공감이 사람들에게 전달되었죠. 역시 진실한 소통에는 힘이 있었습니다! 그 소통의 힘을 책으로 엮고 싶었습니다. 이 책은 총 다섯 개의 파트로 구성되어 있습니다.Part 1에서는 말하기의 기본원칙을 알아봅니다. 예리하고 날카로운 물건을 다룰 때는 안전교육이 필요하듯 말하기라는 조각칼의 안전수칙이 될 수 있는 내용입니다. 즐거운 운전을 위해서는 연습이 필요하듯이 즐거운 말하기에도 연습이 필요합니다. Part 2에서는 안전하게 말하기를 연습할 수 있는 방법들을 설명합니다. 듣는 사람이 듣고 싶게 만드는 매력적인 말하기는 어떤 걸까요? Part 3에서는 호기심 관심 경계심을 일으키는 방법에 대해 이야기해 봅니다. 노래를 잘 부르면 감탄하지만 진심이 담긴 노래는 감동이 됩니다. 사람을 위한 사람을 향한 말하기도 마찬가지입니다. Part 4에서는 듣는 사람을 배려하는 마음을 바탕으로 똑똑하고 따뜻하게 말하는 방법에 대해 알아봅니다. 진실한 소통의 힘은 때로는 말보다 훨씬 강력합니다. Part 5에서는 상대와 상생할 수 있는 소통 방법에 대해 알아봅니다. 음식이 맛있으려면 두 가지가 필요하다고 합니다. 신선한 재료를 구하는 것이 첫 번째고 그 다음은 제대로 요리하는 것이겠죠. 삶이라는 재료와 요리법이 뭉치면 맛있는 이야기가 나옵니다. 이 책의 목표는 간단해요. 당신의 입에서 이 말이 나오게 하는 거죠! “말하기는 맛있다!”,"['연예인 한창 대세', '코치 사실 유명']"
17,콜드리딩,엘도라도,이시이 히로유키 저/김윤희 역,"모든 인간관계에서 곧장 써먹을 수 있는 실전 화법 “모든 사람이 무조건 당신을 믿고 따른다!” ‘콜드리딩(Cold Reading)’은 대본이나 각본 없이 펼치는 연기를 뜻하는 말로, 신뢰관계를 만들어가는 기술이자 상대의 마음을 사로잡는 기술이다. 어떤 상황, 어떤 상대를 마주쳐도 자신이 원하는 결과를 이끌어내는 고도의...",http://www.yes24.com/Product/Goods/8118011,모든 인간관계에서 곧장 써먹을 수 있는 실전 화법 “모든 사람이 무조건 당신을 믿고 따른다!” ‘콜드리딩(Cold Reading)’은 대본이나 각본 없이 펼치는 연기를 뜻하는 말로 신뢰관계를 만들어가는 기술이자 상대의 마음을 사로잡는 기술이다. 어떤 상황 어떤 상대를 마주쳐도 자신이 원하는 결과를 이끌어내는 고도의 심리학적 기술을 말한다. 콜드리딩을 하는 사람을 ‘콜드리더(Cold Reader)’라고 한다. 콜드리더는 상대에 대해 아무것도 모르는 상태에서 상대의 속마음을 간파해내어 자신을 완벽하게 믿게 할 수 있다. 우리가 쉽게 믿고 따르는 사람들이 대표적인 콜드리더들이다. 이를테면 보험 판매왕 영업의 달인 심리치료사 정신과 의사 멘탈리스트 점쟁이 마술사 목사 승려 정치가들이 콜드리딩 전문가라 할 수 있다. 콜드리딩을 익히게 되면 아주 쉽고 사소한 방법으로도 설득의 달인이 될 수 있다. 이 책은 독자를 콜드리더로 만들어주는 모든 방법을 담고 있다. 상대의 마음을 헤아리지 못해 늘 주눅 들거나 생면부지의 사람을 자주 마주하는 사람들에게 자신감을 심어줄 것이다. 비즈니스 영업 서비스 판매 회의 프레젠테이션 취업 면접 연애 동호회 등 커뮤니케이션이 필요한 모든 생활에 접목할 수 있는 콜드리딩 실전 기술을 공개한다.,"['정치가 콜드 리딩', '연기 말로 신뢰']"
18,사람은 어떻게 생각하고 배우고 기억하는가,토네이도,제레드 쿠니 호바스 저/김나연 역,"“당신이 수백 번 말해도 통하지 않는 건상대의 머릿속에 뭐가 들었는지 모르기 때문이다!”결정적인 순간, 상대를 내 뜻대로 움직이는위험하고도 완벽한 설득의 12가지 메커니즘해마다 수없이 많은 대화법 책들이 서점에 쏟아져 나오지만, 우리는 여전히 사람을 상대하는 일에 고전을 면치 못한다. 이유는 간단하다. 사람...",http://www.yes24.com/Product/Goods/89401141,“당신이 수백 번 말해도 통하지 않는 건상대의 머릿속에 뭐가 들었는지 모르기 때문이다!”결정적인 순간 상대를 내 뜻대로 움직이는위험하고도 완벽한 설득의 12가지 메커니즘해마다 수없이 많은 대화법 책들이 서점에 쏟아져 나오지만 우리는 여전히 사람을 상대하는 일에 고전을 면치 못한다. 이유는 간단하다. 사람과 사람 사이의 커뮤니케이션에는 ‘대화’보다 ‘과학’이 더 강력한 영향력을 발휘하기 때문이다. 물론 뛰어난 언변 호감과 신뢰를 주는 대화법을 익히는 것은 중요하다. 하지만 그보다 더 중요한 것은 상대가 나에게 완벽하게 집중할 수 있게 만드는 전략을 사용하는 것이다. 상대에게 ‘나’를 깊이 각인시켜 그가 나를 아주 오랫동안 기억할 수 있게 만드는 전략은 대화법이 아니라 ‘뇌과학의 메커니즘’에서 출발한다. 제아무리 뛰어난 말솜씨와 해박한 지식을 동원한다 할지라도 상대가 아무런 관심도 없으면 그것으로 얻을 수 있는 건 아무것도 없다. 사람들이 무엇에 뜨겁게 반응하는지 어떤 상황에서 자신의 속마음을 기꺼이 열어 보이는지 어떤 것을 오랫동안 기억하고 어떤 것에 깊이 영향을 받는지에 대한 답은 내가 아니라 ‘상대의 뇌’가 갖고 있다. 이 책은 사람들의 머릿속에 존재하는 집중력과 영향력 기억력과 학습력의 12가지 메커니즘을 탐구한다. 이를 통해 결정적인 순간 단숨에 사람을 사로잡는 강력한 설득력이 어떻게 탄생하는지에 대한 흥미진진한 통찰을 제시한다.강력한 설득력을 원한다면 그 답은 내가 아니라 상대가 갖고 있다. 내 능력을 갈고 닦아야 하는 것이 아니라 상대의 능력을 뛰어나게 만들어줘야 한다. 상대의 뇌를 열어 그가 나에 대해 가장 잘 이해하고 기억하고 관심을 갖는 방식을 찾아내야 한다. 이 책이 바로 그 길을 안내하는 가장 지혜로운 셰르파가 되어줄 것이다.,"['대화 과학 영향력', '수백 상대 머릿속']"
19,말투가 고민이라면 유재석처럼,센시오,정재영 저,대한민국 누구에게나 호감받는 유재석의 말센스국민 MC. 이보다 더 유재석을 잘 설명하는 수식어도 없을 것이다. 유재석은 수년간 여러 여론조사에서 대한민국 국민이 가장 좋아하는 연예인인 동시에 안티 없는 연예인으로 뽑혔다. 유재석이 이토록 대중들에게 사랑받는 이유는 무엇일까? 유재석이 사랑받는 이유에는 여러 ...,http://www.yes24.com/Product/Goods/103291680,"대한민국 누구에게나 호감받는 유재석의 말센스국민 MC. 이보다 더 유재석을 잘 설명하는 수식어도 없을 것이다. 유재석은 수년간 여러 여론조사에서 대한민국 국민이 가장 좋아하는 연예인인 동시에 안티 없는 연예인으로 뽑혔다. 유재석이 이토록 대중들에게 사랑받는 이유는 무엇일까? 유재석이 사랑받는 이유에는 여러 가지가 있겠지만 그중에서 단 한 가지만 뽑으라면 단연 말솜씨다. 외모나 학벌 등이 호감의 필수 조건이라면 유재석의 전성시대가 올 수 없었다. 유재석의 얼굴이 못생겼다거나 다른 조건이 안 좋다는 뜻이 아니다. 그의 말솜씨가 외모나 학벌 재산 등의 다른 조건들을 뛰어넘을 정도로 매력적이라는 것이다.신간 『말투가 고민이라면 유재석처럼』의 저자 정재영 작가가 ‘유재석’을 주목한 이유가 여기에 있다. 유재석이 완전한 언어 능력의 소유자는 아니겠지만 사회적 의사소통 능력은 최선에 가깝다. 모두가 인정하듯이 사람들을 기분 좋게 만드는 그의 기술은 특별하다. 그는 대화 파트너에게 공감하고 상대의 입장을 헤아리며 질문하고 정신없이 웃긴 후에 호감을 잔뜩 털어간다.그렇다고 유재석이 상대에게 마냥 맞추기만 하는 것은 아니다. 그는 언제나 당당하고 솔직하게 자신의 의견을 말한다. 겸손하지만 자신을 밑바닥까지 낮추며 말하지 않는다. 그는 상대가 상처받지 않게 잘못을 지적하고 불만을 얘기한다.유재석의 말은 무해하고 다정하고 기분 좋다. 누구나 꿈꾸는 언어 능력이다. 외모와 재력을 갖춘 이들도 몰래 선망하는 말기술이다. 그걸 배우자는 게 이 책의 목표다. 말로 사람들에게 호감을 얻고 싶다면 유재석이 더할 나위 없이 좋은 본보기다. 유재석이 하는 말을 관찰하고 반복해 자신의 것으로 만들면 누구나 유재석처럼 사랑받는 사람이 될 수 있을 것이다.","['매력 신간 말투', '가장 연예인 동시']"
